<?xml version="1.0" encoding="UTF-8"?>
<project-private xmlns="http://www.netbeans.org/ns/project-private/1">
    <editor-bookmarks xmlns="http://www.netbeans.org/ns/editor-bookmarks/2" lastBookmarkId="0"/>
    <open-files xmlns="http://www.netbeans.org/ns/projectui-open-files/2">
        <group>
            <file>file:/C:/Users/mohit/OneDrive/Documents/NetBeansProjects/WeekendFitnessClub/src/weekendfitnessclub/Timetable.java</file>
            <file>file:/C:/Users/mohit/OneDrive/Documents/NetBeansProjects/WeekendFitnessClub/src/weekendfitnessclub/MainClass.java</file>
            <file>file:/C:/Users/mohit/OneDrive/Documents/NetBeansProjects/WeekendFitnessClub/src/weekendfitnessclub/Rating.java</file>
            <file>file:/C:/Users/mohit/OneDrive/Documents/NetBeansProjects/WeekendFitnessClub/src/weekendfitnessclub/FitnessLesson.java</file>
            <file>file:/C:/Users/mohit/OneDrive/Documents/NetBeansProjects/WeekendFitnessClub/src/weekendfitnessclub/Booking.java</file>
            <file>file:/C:/Users/mohit/OneDrive/Documents/NetBeansProjects/WeekendFitnessClub/src/weekendfitnessclub/FitnessType.java</file>
        </group>
    </open-files>
</project-private>
